{"_default": {"1": {"name": "DOGE-USD", "min": 0.05789700150489807, "max": 0.22006399929523468}}}